id,text,coding,sentiment
"""1465710641138700296""","For the first time, the threat of COVID feels so close...Both my grandma and dad have it...My dad's O2 is deteriorating so fast...F**k, this is so frightening...",,
"""1465710629801508880""",Moderna CEO says vaccines likely less effective against omicron  https://t.co/duxag87FJ1,,
"""1465710649032384514""",$ENVI GreenLight Biosciences (ENVI) partners with IAVI to accelerate COVID-19 vaccine trial in Africahttps://t.co/Sz9MxpkChH,,
"""1465710643500052496""","New cases of COVID-19 more than quintupled overnight, according to a press release from Douglas County Health Department (DCHD).https://t.co/k0XtppSdM4",,
"""1465710639502925841""",@Clarence6718 whats your take on COVID deniers?,,
"""1465710647451152404""","Idk if I've ever been this congested, ever, even when I had covid ",,
"""1465710651259555851""",We really need to have @jvipondmd back on@Twitter as he is our  vital source of reliableCovid information in Alberta . #BringBackJoe,,
"""1465710652404625409""",So who do you believe? Pfizer or Moderna ? https://t.co/JNcFBDqtKB,,
"""1465710652043919377""","'The new Covid-19 variant, Omicron, was present in the Netherlands earlier than previously thought, officials say.'https://t.co/lbBEP7LWbd",,
"""1465710655424458760""",But at what point do we beat this Covid thing. Like idk about yall but I cant even remember what normal felt like pre March 2020.,,
"""1465710656959619082""",Oh yes Stephen A. have you apologized to Lamar Jackson and his camp for saying they were not educated on the vaccine?When your boy A Rodgers isnt educated to the point he is using an alternative therapy,,
"""1465710655231561733""",L.A. County Sheriff Rebuffs Los Angeles Mandatory COVID Regime After Disturbing Information Arises: https://t.co/VY6J5w6O07,,
"""1465710657634902019""","Some good news here: #omicron #covid     The Omicron variant could lead to more infections among vaccinated people but they will most likely remain protected from a severe course of illness, according to the BioNTech co-founder https://t.co/N7tJsHNj9R",,
"""1465710661820813321""",The state of that Tory MSP wanting FM to guarantee no vaccination clinics will be shut down as a result of storm weather over the coming winter.  #OnlyInScotland,,
"""1465710659367157770""","25 Mortgage deals for 100,000 were just what Lindsay needed from us - Have a look here: https://t.co/7N7rdgMCZV",,
"""1465710660960993294""","Restaurant operators, please provide feedback in the National Restaurant Association's final survey of 2021 by tomorrow! We need these responses to help us tell the stories of the COVID-19 impact on restaurants to lawmakers. https://t.co/qdPwaLDNZM https://t.co/sCNakxpX4s",,
"""1465710669303410696""",Judge Strikes Down Bidens Vaccine Mandate for Healthcare Workers  - sorry Sleepy Joe - But on the bright side by tomorrow he won't remember.  https://t.co/gKLNcClgxR,,
"""1465710657840373774""",Hopefully the Covid situation will be improved by then.,,
"""1465710668464594961""","Vaccination is free but getting there is a problem, have to save enough for petrol for all 4...10 doses/ boosters. Once I have enough money I'm starting the journey and going for the 1st jab, can't afford to dropout Or wait for J&amp;J once #StateOfTheNation #MarawaSportsWorldwide",,
"""1465710658700255238""",Young Parents Experiences of Pregnancy and Parenting During the COVID-19 Pandemic: A Qualitative Study in the United Kingdom #covid https://t.co/jZZHjCr4X3,,
"""1465710668967907333""","covid always has to be the centre of attention, mf gotta mutate to stay relevant",,
"""1465710668179329033""","Covid Revealed Documentary Series: https://t.co/LghDHSgyRGThe Entire Video Series streamed to your computer, tablet or phone. Easy and Free for this Viewing period. This is the only way this level of video material can be viewed by millions without censorship. https://t.co/pOTMcxU2Jz",,
"""1465710675515215875""",India boosting genome testing in search for Omicron https://t.co/aA6LKKQ8J8 via @TheNationalNews,,
"""1465710674324062214""","Federal Judge Blocks Health Care Worker Vaccine Mandate https://t.co/5wHv85ey91 from @WebMD; good. While I think getting the jab is a good idea, I do not believe the government should be able to force anyone.",,
"""1465710679466205190""","It's worse in Alberta. @AHS_media &amp; @CMOH_Alberta continue to lie and try to scare people. Now the staff at AHS have pushed back against the 'vaccines'. FUREY: Canada, it's long overdue that we drop the COVID alarmism cycle https://t.co/Rmc4OW3m36",,
"""1465710680963633174""","'The emergence of the new Omicron COVID-19 variant has been blamed 'in part' (sic) on rich countries stockpiling vaccines and failing to heed months of repeated warnings about inequity in the developing world.' Which part? Oh, the part where they did all those things...",,
"""1465710682188353543""","https://t.co/3Y411UEuXaThe Omicron Covid-19 variant is a byproduct of global vaccine inequality, some experts say.",,
"""1465710680544202766""",The boys school cancelled on M/T for covid mitigation after the holiday. Which is awesome. Except. The 8yo is currently smashing Legos together. Happily and loudly. The 10yo keeps interrupting the call I am now on to apologize for interrupting my last call. #parenthood,,
"""1465710682129592330""",At 4 with Andy: The Prime Minister says he's confident the health service will be able to cope with the expansion of the coronavirus booster programme,,
"""1465710683907973126""",Indias vaccination drive keeps gaining momentum!https://t.co/C0pDceRGtdvia NaMo App https://t.co/rnPWhMKeUP,,
"""1465710679902490628""",Now this looks like the mark of the beast. The vaccine was introduced to create the need for it. https://t.co/SlWa2hExg7,,
"""1465710682163200011""",NYC Mayor de Blasio mandates COVID vaccinations for childcare workers https://t.co/Tjbj32Nkiv via @YahooNews,,
"""1465710685761855496""",From Geneva today the UN warning is loud and clear... 'Any use of chemical weapons is unacceptable'. Is it possible some nuclear weapons could be as large as seringes? The discordant voices on Social Mediaby renowned scientists on this Vaccine thing are frightening.,,
"""1465710685787017229""",COVID news live: Boris Johnson holding news conference on booster plan amid 'distinct possibility' Omicron has been spreading for months https://t.co/jybjfpl7O7,,
"""1465710686294609926""","MPs have divided to vote on the Coronavirus regulations. I noted there were no more than 50 MPs in the chamber at any point in this afternoon's debate, so it will be joly interesting to see how many MPs actually vote not even been present to hear what was said. https://t.co/HHFplOD66V",,
"""1465710683463438349""",Mandatory Vaccination Is Politically Motivated and Medically Executed Rape  The White Rose - https://t.co/IEUaISwCdv Vaccination Is Politically Motivated and Medically Executed ...,,
"""1465710678442790920""",Got tested negative for COVID  https://t.co/de5sGBYbmr,,
"""1465710682695815171""","STOP COVID HYSTERIA @GovJanetMills @nirav_mainecdc @SenatorCollins @SenAngusKing @DemiKouzounas @mainegop @WGME @MaineDems @wbz  @wmtw Hurry, hurry, hurry, and place your orders at Amazon: https://t.co/JithLOxlO1B&amp;N: https://t.co/edShMW0qOtApple: https://t.co/fRnLILoYBv",,
"""1465710689830326286""",Market losses today are no longer covid related. But Powell related. $QQQ down 5.00 in the last 18 minutes,,
"""1465710691050950661""","#Germany  Olaf Scholz, who will take over as German chancellor next week, is very much in favour of mandatory vaccination (Feb 2022) and also wants to ban the unvaccinated from non-essential stores.Bundestag ( parlmt) must vote on compulsory vaccination legislation https://t.co/RIAOVzRtSu",,
"""1465710689247383552""","As scientists race to answer whether the newly identified Omicron variant poses a greater threat, experts are urging measures to help lower coronavirus risks to millions of Americans -- including vaccinations and mask wearing.https://t.co/H7Z41s5lnC",,
"""1465710682821648388""","The life and tragic death of John Eyers  a fitness fanatic who refused the vaccineThere are many stories like this one - this one is written with a lot of heart and a lot of detail about the man, his family, how the disease affected him - worth a read https://t.co/IX5YUWvseJ",,
"""1465710678002393092""",FDA advisory group to review safety and efficacy of Mercks Covid pill... https://t.co/sIo4TrZorv,,
"""1465710686500126720""",COVID-19 Omicron FUD! So what do the governments want us to do? Stop living? Life goes on with or without COVID! locking our doors and shutting down business will only make things worse for the economy and quality of life.@PMOIndia @AmitShah @Shibtoken  https://t.co/VtkW6Xy7yn,,
"""1465710699955449871""","Powell definitely not pushing back on the idea of speeding up taper, while mentioning that we'll get another jobs report, inflation report, and more covid variant information before next FOMC.",,
"""1465710702329430020""",UPDATE: Boosters are now available for everyone 18 and up  as long as enough time has passed since your vaccine. Here are some vital things to know about COVID-19 vaccination boosters from @AtriumHealth's Dr. Katie Passaretti: https://t.co/NCEyw2LMvN,,
"""1465710702962745367""","Eight further cases of the Omicron variant of coronavirus have been confirmed in England, the UK Health Security Agency said, bringing the total in England to 13.",,
"""1465710708557942792""",Russian Coronavirus-Denying Monk Given Prison Sentence | WorldNews https://t.co/KBs6DF2z84,,
"""1465710705760301060""","Finally, some comparative freight data of the usage of the new #Kazungula OSBP and #Beitbridge (after the ZIMBORDERS upgrade). A thread from @BusinessUnitySA's latest COVID-19 cargo movement update, 26 November 2021.",,
"""1465710707781947393""",Shout out to the embezzling and rackeettering Charlottesville Virginia school district and embezzling and rackeettering Ziran Yong and rackeettering and embezzling Omicron and rackeettering and embezzling Covid 19,,
"""1465710703587651588""",Unpopular opinion: As soon pharma lobby realized that COVID is fading away worldwide.The fear is reignited.           ,,
"""1465710710319550469""","If you are not vaccinated against Covid-19 without a valid medical reason, you are not vaccine hesitant, you not an anti-vaxxer, you're just a Goddamned moron.",,
"""1465710698428657676""",@InvestorVenture BionTec more optimistic than Moderna...https://t.co/fLyTS89oXG,,
"""1465710710906777610""",Why WHO skipped two letters of the Greek alphabet in naming Omicron - CNN https://t.co/IRLOgknmeS via @GoogleNews,,
"""1465710711858884622""",Mandatory vaccination policy leads to 94% of Discovery's staff getting jabs | Fin24 https://t.co/2n00tRvMYK What a prick. He deserves a shot as well. Genocidal murderer. Boycott Discovery.,,
"""1465710699003351056""","Yeah, none of that is happening, @erinotoole.@CPC_HQ has one solution for everything: dig a hole search for goo.And spread #COVID.#oilyCPC#cdnpoli #ThroneSpeech",,
"""1465710718351601666""","BREAKING  35,924 people died within 21 days of having a Covid-19 Vaccine in England during the first 8 months of 2021 according to ONS data  The Expose https://t.co/LhsF3LN5nK",,
"""1465710719538659331""","Must be fake news that this OMNICRON variant is in Canada now.  Anyone travelling must have double Vaccine, thus it should be safe and impossible that we have this here now.......RIGHT?  Vaccine is a joke.",,
"""1465710718443876358""","All those returning from the UK from Friday will need a negative PCR test, a clove of garlic to ward off covid and will have to sacrifice a lamb and smear it's blood on the cover of your passport. #NPHET",,
"""1465710719467327493""",$AMD again COVID attack,,
"""1465710723485470720""","variants arent just anti vaxxs fault, its colonizer countries not giving up vaccination patents because they want to control poor countries and covid regulations.",,
"""1465710722453622787""",Dr. Hinshaw hosting telephone town hall on COVID-19 vaccination for kids Tuesday #medhat #COVID19AB https://t.co/LZAtKbuZUi,,
"""1465710719316344840""","Once upon a time, long before widespread vaccine use and anti-vaxxers, smallpox was a death sentence and Spn, in Yoruba mythology, was the only hope. The agonies of existence when faced with certain death and a glimpse of salvation at the tender mercies of a fickle diety https://t.co/psbZpm4z6G",,
"""1465710713058459665""",We're so impressed how our former providers are caring for communities during the Covid-19 crisis.They said they've learnt: To adapt quickly To be creative Phone &amp; video have enabled them to support the most vulnerableRead more: https://t.co/u5b9Ys13Jx https://t.co/98i4Q63iM7,,
"""1465710726702501895""",UPDATE: Boosters are now available for everyone 18 and up  as long as enough time has passed since your vaccine. Here are some vital things to know about COVID-19 vaccination boosters from @AtriumHealth's Dr. Katie Passaretti: https://t.co/24gusB09dg,,
"""1465710728011157517""","Singapore reports 1,239 new COVID-19 cases and 8 deaths; ICU utilisation rate rises to 58.5% https://t.co/QI0Srxy9wj",,
"""1465710727428067342""","Boris Johnson Covid announcement live updates: See the latest about Omicron, new rules https://t.co/6hKvB3s7t2",,
"""1465710725628776457""","Oilers Cancel Practice, Add Ceci To COVID Protocol https://t.co/9vcjfvZVtb",,
"""1465710727184859154""", https://t.co/rrpAYQK3uf SECDEF Austin rejects OK Natl Guard vaccine exemption request; unvaccinated troops may lose federal pay https://t.co/uefO1ArVYr #America #USA #news,,
"""1465710727503630340""","The outbreak of Covid-19 in 2020 led to a sudden relapse in long-distance travel demand, global air travel falling alone by 66%. Industry players must fasten their seatbelts and adapt immediately to the new normal. Our study reveals required actions: https://t.co/YWdzWeB3z7 https://t.co/8rZFkrZFyH",,
"""1465710728300556299""",The Sixth Circuit Court of Appeal has won the lottery to decide the issue of OSHAs vaccine mandate for employers. Will the mandate ultimately be decided by the SCOTUS? Click the link to learn more: https://t.co/j5CCScGGBl https://t.co/28gPvd9Kb8,,
"""1465710730657685514""",Moderna CEO says vaccines likely less effective against omicron https://t.co/bM6Dl7I6Nd,,
"""1465710730611593222""","Vaccination Definition:Vaccination - /vaksne()n/ - nounTreatment with a vaccine to produce immunity against a disease; inoculation.So, if it doesn't produce 'immunity' then can it still be classed as a Vaccine... I'm pretty sure it can't",,
"""1465710731907657745""","6-foot social distancing rule doesnt protect from COVID-19, study says. https://t.co/gsylcfGH1v",,
"""1465710733245620225""",12-Year-Old Child Dies After Receiving Covid-19Vaccine https://t.co/w5ocJfKnrt,,
"""1465710726060777483""","'According to alongitudinal analysispublished July 14 in Cell Medicine, most recovered COVID patients produced durable antibodies, memory B cells and durable polyfunctional CD4 and CD8 T cells  which target multiple parts of the virus.' https://t.co/BX1oRyMESH",,
"""1465710737435758599""","South Africas rapid increase in COVID-19 cases attributed to the new omicron variant is resulting in mostly mild symptoms, doctors say.https://t.co/UluOKsPz0X",,
"""1465710736487813134""",Wish the Queen tomorrow. World Cup is the worst affected by coronavirus and that's a fact.,,
"""1465710728254418957""","The World Health Organization called Tuesday for countries to keep calm and take 'rational' measures in response to the new, fast-spreading Covid variant Omicron, which has sparked global panic. https://t.co/w2do4FlIbz",,
"""1465710736521326608""",I wonder how the Ernest Roets tweet against mandatory vaccination contrasts the constant yelping for 'opening up the economy ' by John Steenhuizen....I know it's all in the science right ...the Right are a mess of contradictions..,,
"""1465710716225130509""",Low point of volunteering at a Covid clinicsnarky parents.  High pointa disabled man saying thank you for being so kind.,,
"""1465710728124383244""","Watch Live: Chicago's Top Doctor to Talk Omicron Variant, Give COVID Update at 1 p.m. https://t.co/tbNEeGajO5",,
"""1465710736106131459""","For 2021 MIPS, Facility-based ECs will need to submit for the quality performance category. No available measures? Submit an EUC Application, citing COVID-19 as the triggering event. Learn More https://t.co/Xl7XbGjjK9 https://t.co/CLxBeEuCG7",,
"""1465710727809798149""",All Coloradans 18+ should get a COVID vaccine booster dose six months after receiving either Pfizer or Moderna and two months after receiving the J&amp;J vaccine. More information  https://t.co/UHam0METPG,,
"""1465710740333944849""",China says the omicron variant of the coronavirus is a concern for organizers of the Beijing Winter Olympics but it remains confident the games will be held as scheduled in February https://t.co/SLHqAn5oel,,
"""1465710741202239496""","There are reports the new #Omicron Covid variant has persuaded some companies to cancel their Christmas parties  Some say this is overly cautious, but what do you think?Tune into Dan Wootton Tonight for more @danwootton | @GBNEWS | 9-11pm https://t.co/64AzvdmxJo",,
"""1465710739994255362""","there was a moment in the waiting room wear you have to sit 15 minutes after the shot where ppl started discussing new covid flavor, doesn't it suck, someone else says yeah just get used to getting 2 shots a year, and i go it's lucky we're somewhere that's an option for us and",,
"""1465710740543737870""",Judge blocks US vaccine mandate for health workers in ten states https://t.co/HUZBbCsYDZ #blockchainwire #blockchain,,
"""1465710740044587012""",Bitcoin is Covid proof only investment #bitcoin#crypto,,
"""1465710744884768772""",To joe - please read ASAP.   https://t.co/XS0P5ZHiwm,,
"""1465710723531612183""",WHO urges 'rational' measures against #Omicron #COVID19 variant https://t.co/6Xp7mOtQGQ,,
"""1465710747384573957""","A 49-year-old Texas man, who survived COVID back in Dec 2020 despite being immunocompromised died due to heart complications developed after he was forced to take the JAB Bobby https://t.co/s6hFU3GitS",,
"""1465710750798794752""","Dow, S&amp;P 500 slip as Omicron worries grow after vaccine warning https://t.co/yAVKUFpbz8",,
"""1465710753135022094""","LONDON, UK, 2021People dragged away for questioning the 'Leftist' Mayor's Covid 'strategy' https://t.co/WZw2Fz2LAc",,
"""1465710751495065615""",European Healthcare Hackathon Prague 2021 in two minutes  See full results https://t.co/0uMCaB9cgV @ikemcz @EdwardsLifesci @AstraZeneca @InterSystemsDev @InterSystems @ICZgroup @Vysocina_news #EHH2021 #healthtech #innovation https://t.co/tosAaGFcz3,,
"""1465710755483815936""",Good ventilation is very important in the current pandemic as it helps prevent the spread of Covid-19.Find out more about protecting staff and customers from coronavirus with good ventilation in our latest business bulletin: https://t.co/ZQ4XLA8qnJ https://t.co/a1ui1vxF2X,,
"""1465710755785760778""","Looking at this year's Covid patients in hospital by region, the numbers are higher than in the spring /summer. Some Scientists believe the mutation is quite significant and hence it might affect the vaccine's efficacy or the ability for the LFTs to detect it.#Covid19#Omicron https://t.co/IAn9peZmvn",,
"""1465710756612100106""",Covid travel: Japan shuts down borders to all foreigners amid Omicronuncertainty https://t.co/9VfHxtuJJ8,,
"""1465710756188487687""",Covid Revealed - Trailer https://t.co/Kb1DHu9KnA,,
"""1465710756150738949""",The next big test in the coronavirus pandemic POLITICO https://t.co/ZVanbACMKj,,
"""1465710761456529419""","Caught with her Bare Lying Face hanging out,Republican Dismisses Vaccine on Fox News, then Praises It on CNN.===https://t.co/XxJ5rp5Xhp",,
"""1465710764367302658""","One possibility is that @Twitter has meagre human staff to handle cases like @FreeNorthNow's, whose account was suspended for tweeting in favour of vaccine patent wavers.When you leave everything to computer programs, @TwitterSupport, you end up creating bad PR.#FreeTheNorth.",,
"""1465710764363182098""",I'm a horrible person for not caring if an anti-vaxxer gets sick and dies.But I'm supposed to support their freedom to not get the vaccine and allow them murder children.Alrighty then. Please fvck off.,,
"""1465710768070934542""",Let me share something I already sent to my paying subscribers. https://t.co/Scihg7sCDy,,
"""1465710768251289606""","I am a passionate advocate of vaccinations in general, however as a clinician I am deeply troubled by the notion of State mandated covid vaccines (as now in Austria and reportedly soon in Germany). Enforcing medical treatments by any State on its citizens is such a dangerous path",,
"""1465710773896822791""",Indias economic recovery strengthens in Q2 but Omicron looms | Coronavirus pandemic News | via Al Jazeera https://t.co/k8ipS8W9vG,,
"""1465710774932758529""",the covid test doesnt even tell u if u have covid??? u have to do a throat one too? https://t.co/qDzIHGoDiz,,
"""1465710772298805252""",Face coverings have become mandatory again in shops and on public transport in England from today in an effort to slow the spread of the Omicron coronavirus variant. Read here: https://t.co/MoA1fLuEP4 https://t.co/5wSNVrOIC1,,
"""1465710772655312904""",The biology of coronavirus's mutations explained https://t.co/DCfiuiu1VO Follow @SirfNewsIndia,,
"""1465710757081858055""",Oh i just remembered that time i met elisa i hugged her lol too excited tibe lupa pulak covid suka2 je peluk,,
"""1465710758696652809""",Omg I got the shingles vaccine shit yesterday and its kicking my ass today. https://t.co/niOQCWJ8N3,,
"""1465710775121563661""",@NBCNews I'm live tweeting the FDA's meeting today about Merck's oral antiviral for Covid-19: https://t.co/kL75ZrI2Sn,,
"""1465710777944346625""","Donald Trump Jr., World-Renowned Moron, Urges Vaccine Protests as Omicron Poses Very High Risk - Vanity Fair https://t.co/SkZ28ItCtK",,
"""1465710784969789442""",Perth Ashes Test in real jeopardy due to strict coronavirus quarantine ruleshttps://t.co/Z0j7JKqmEQ https://t.co/MUIMu7n5w8,,
"""1465710788316852243""","10,000 deaths. Every single one of them, a person with a life story and loved ones. #COVID19Ontario  https://t.co/7KbDow4LBB",,
"""1465710785196265474""","My husband and I both get our booster shoots on Thursday! We originally got the J&amp;J shot and now we are getting Moderna. Not happy about that but they dont offer a J&amp;J booster here in my little town. Anyways, we will be boosted!",,
"""1465710789638049802""",@celliottability AKA 57 people in ICU known to be unvaxed whose condition may or may not be related to COVID. Please clarify exactly who's in the 'unknown status group' which represents 72 cases. #topoli #onpoli https://t.co/58SL9RkXRw,,
"""1465710789482868747""","There are officially no icu beds within 1 hr of where I live and 30% of all patients in the health district are Covid patients. Im grateful my whole family has their Covid and flu vaccinations, but Im still concerned.",,
"""1465710794142670857""","Reality check. Donald Trump won in a landslide. America is in a deadly war for survival, for freedom.The election was stolen.China is the funding belligerent enemy, the power driven Democrat(communist) Party with the MSM and Big Tech are the CCPs 'soldiers' Covid is their weapon",,
"""1465710795455483920""","Today's numbers: 7,486 new cases, 664 intubated, 88 deaths. #Greece #Covid_19 https://t.co/GGBqossZFg",,
"""1465710797405913109""",lolll to us having nurses in 2021 who dont want to get the vaccine because of their religion UR A FUCKING NURSE. you LITERALLY went to school to study medicinelike what?,,
"""1465710787440168974""","First of all I am Human, so its sad about #COVID situation thats appearing and facts will be posted later today - Not opinion As Day traderAlhamdullilahSubhanAllah God is Great Across Board 6 out 6!!!#MOLiNE  it #DAX #FTSE #DOW #YM #ES #NQ #NDX #SPX https://t.co/xanYgY3Nep",,
"""1465710800773939221""","No one is forcing you to get the vaccine, just be ready to accept the restrictions that come with it. Just saying.",,
"""1465710804020301826""",#Duane Vermeulens #Ulster debut to be delayed as #Springbok tests positive for Covid-19 https://t.co/ft4U5AkZdV https://t.co/ihxSRf29VC,,
"""1465710803072344072""",Texas man who got over $1M in COVID funds and bought Lamborghini gets long prisonsentence https://t.co/rmh4JYC1CH,,
"""1465710809162551312""",TRAGIC. Texas Man Dies from Moderna Shot After Being Forced to Take COVID-19 Vaccine to Remain on Lung Transplant List https://t.co/DGPcfGG3uV via @gatewaypundit,,
"""1465710809107947525""",What I just took from that jcvi interview was kids can get heart inflammation from vaccines being too close together. We are gonna try to get them closer together. COVID doesnt really affect children. @ShelaghFogarty  #LBC @MaajidNawaz,,
"""1465710810156519432""",So we have the Omarion variant of Covid now?,,
"""1465710808860553237""",@jlanosss I telling ya Jus one Covid opp and we gonna reach heard immunity before the year end,,
"""1465710808264937487""","Mandatory Vaccination Immoral, Illegal, Unconstitutional, and Violative of Human Rightshttps://t.co/IYriOz5rsQ ...",,
"""1465710811733626884""","Just read this book! I really enjoyed it because last Christmas my whole family got COVID and we were unable to celebrate like usual. This book has a positive take on holidays during the pandemic, and I loved it! #slis325 https://t.co/wzqljWfGvV",,
"""1465710806742355985""","#Omicron It is already here in the United States. They will be testing for that particular variant when people go get tested for COVID. Then all of a sudden, the DELTA variant will be history, it will all be Omicron. Watch and see.",,
"""1465710805727338513""",covid keeps mutating bc ciconia phase 2 is too powerful to be unleashed upon this planet,,
"""1465710812450852873""",i can't believe i just had to debunk myths about vaccines and vaccine hesitancy... to a tita who is a dentist.. and a fierce believer of social media 'medical' articles  so help me god ,,
"""1465710821527339008""",@CBSNews I'm live tweeting the FDA's meeting today about Merck's oral antiviral for Covid-19: https://t.co/kL75ZrI2Sn,,
"""1465710820298424330""","There have been 358 new cases in Gyms, Restaurants, Nightclubs and Bars since Ontario implemented vaccine passports on September 22.There are currently 23 active outbreaks in these setting.This is the highest total of active outbreaks since May 29.#COVID19ON #onpoli https://t.co/Te4Asw4a8f",,
"""1465710812199206924"""," @JDVance1: Shut Down Federal Government Until Vaccine Mandates EndInstead of giving them a bipartisan flag to wave, we should shut down the government until the vaccine mandate ends.' #OHSenhttps://t.co/AOzoyF2iDB",,
"""1465710831123906572""","Again, just like in S Africa. Of all the EU Omicron cases, all have been, at worst, only mild cases.  This is actually good news. The coming weeks will see if this trend continues.Is Omicron the gold master for COVIDs non-lethal endemic existence?https://t.co/hbENelFPBJ",,
"""1465710827369992197""","Ontario reviewing 3rd dose vaccine strategy in wake of omicron variant, top doctor says#ONHealth #onpoli #COVID19https://t.co/kBkpWaXkKj via @CBCNews",,
"""1465710829823684621""","Despite Rebukes, Florida Has Lowest New COVID-19 Case Rate in Nation https://t.co/j8j3OSpTsh via @Newsmax",,
"""1465710818415169555""",Amazon Accused of Under-Reporting Covid Cases Contracted at Work  https://t.co/FsAHdtrGS5,,
"""1465710839336357893""","#Breaking Eight further cases of the Omicron variant of coronavirus have been confirmed in England, the UK Health Security Agency said, bringing the total in England to 13 https://t.co/gXXMYkdVsJ",,
"""1465710842914037764""",this is me everytime one of my friends gets that second vaccine dose knowin damn well it feels like chemo sickness https://t.co/rsE603Ifz2,,
"""1465710846277869570""","Two things about this guy...One, his values &amp; resistance to masking sadly likely cost his wife her life &amp; two, I wonder if he got all the required vaccinations to attend school?Maine Legislator Who Fought Mask Rules Resigns After Wife's Death From COVID https://t.co/Sbo2eXb6GU",,
"""1465710846965731329""",Open Banking Global Market Report 2021: COVID-19 Implications And Growth - GlobeNewswire https://t.co/GxRRT5ocwR #openbanking #apitalism #psd2,,
"""1465710848555372559""","How long should you protect others for? If it is correct behaviour why didnt we do it before? Why is it ok to die of flu, colds, pneumonia but not coronavirus? How can you get to herd immunity if you keep slowing the spread. #nomasks #masks #masksdontwork",,
"""1465710849289379853""","CAPLAW is hosting a webinar tomorrow @ 1 p.m. Cent. to discuss the newly-announced Office of Head Start vaccination mandate that will require masking for individuals aged 2 &amp; older and vax for all Head Start staff.  For more info, or to register, visit https://t.co/GGRaOoOXQz https://t.co/88PVRsgTp7",,
"""1465710848282808326""","What happened to wearing a mask OR 6 ft apart?There was a common sense approach, but now its just political turmoil where one side feels their rights are infringed upon and the other side says believe the science while not actually using the scientific method.#covid #mask",,
"""1465710849197162509""",Follow updates here https://t.co/9T1YOboJuM,,
"""1465710851533332487""","Love this message today from a friend in mainland Europe No Covid in our village.....maybe something to do with ongoing use of masks in all venues, covid passports for all venues and people who give a f*ck about their Grandparents. #MaskUp #johnsonout",,
"""1465710855190835219""",New York mayor issues new vaccine mandate for childcare workers https://t.co/SpkwxXdDMz,,
"""1465710859989123083""",Are COVID-19 rates dropping in Colorado? See where every countystands https://t.co/a43sruORzd,,
"""1465710856289722368""",Roma: Cristante still positive for COVID https://t.co/aLfLFuzFEf  via https://t.co/0I4IIflkwI https://t.co/Ocodo6N1Z6,,
"""1465710857229271048""",*shrugs* https://t.co/vQ9XXJHPYy,,
"""1465710859821346826""","So excited, recruited our first patient to HEAL-COVID at Royal Preston Hospital after a prolonged set up. Big thanks to Dr Choon @choon_willy &amp; ward 23 @lthtr_team23 @HEAL_COVID @nicholaverstra1 @MarkVerlander @SandraSowden2 @heatheradamsre1 Great collaboration &amp; teamwork!",,
"""1465710862228807686""",Get Your COVID-19 Booster Shot on Campus:https://t.co/GeXghqwjDV,,
"""1465710864615370771""",If Joe Biden imposed one vaccine mandate on one person that is ruled unconstitutional we better see impeachment. The Republicans better at least start preparing.,,
"""1465710863650750469""",New antiviral drugs are coming forCOVID-19 https://t.co/dgSPOalU8t,,
"""1465710866708385800""","Living in a high COVID transmission area for the last year and a half, and not being able to see a new movie in theaters brought me to the realization that I only used to go to the movies on opening weekend in order to avoid being spoiled for the plot.",,
"""1465710867228475403""",Ok guys the legislation they want to extend allows them to arrest you on suspicion of having COVID..and imprison you.. Martin was pulling the wool over TDs eyes today.Let these worms know your feelings about this..might be voted on Thursday/or Friday. https://t.co/ikXYF1EBYN,,
"""1465710870730665989""",COVID is not gone. Please mask up guys #CKMKB,,
"""1465710872404189193""",Travel sector sees recovery slip from grasp amid new coronavirus scare | Regina Leader Post https://t.co/MpzMJpcOLh,,
"""1465710869505986567""","Coronavirus variants: Here's what we know.  Omicron, the newest coronavirus variant, is also the quickest to be labeled a 'variant of concern' by the WHO because of its seemingly fast spread in South Africa and its many troubling mutations.https://t.co/ZiOHFh8O54",,
"""1465710877013798915""","Ok....From this lot of Chinese Vaccine, another variant is going to take birth in South Africa.China Pledges To Offer One Billion Covid Vaccine Doses To South Africa - NDTV https://t.co/8ENV6FAgnV",,
"""1465710876019748865""","These covid booster appointments are a joke. Just phoned 119 to book mine and the nearest I can get is Southampton, what a laugh. Same for walk in centres. Do they not think that people if Dorset need to get jabs. End of rant.",,
"""1465710871636692997""",Moving beyond Covid finding confidence to reassess our relationship with work. Our past does not have to be our future.  The Great Reassessment https://t.co/qkHhkEMLKn via @gapingvoid,,
"""1465710875025629187""","2050% offUse code 257SGUJL.Migeec Passport Holder and Vaccine Card Holder Combo, Leather Passport Wallet Cover with Card Slot, .https://t.co/tqW3JsDEG2#amazon #deals #discount #offer https://t.co/wAv52AdbU1",,
"""1465710884924231687""","I am conducting a research study to observe the effect of COVID-19 lockdown on peoples well-being in different urban and rural areas. If you are 18 years or older , please click the link below to survey questions that may take 6-7 minutes of your time. https://t.co/0kAR1nZkbd",,
"""1465710882877370373""",Red Cross Vaccine Alert -- You Gotta Hear This https://t.co/aJFiz6ybvT via @CitizenFreePres,,
"""1465710882046967812""",President Biden said South Africa has turned down vaccine doses. But the issue is more complicated than that. https://t.co/GjcMfraLBk,,
"""1465710868193177608""",@NBCNews I'm live tweeting the FDA's meeting today about Merck's oral antiviral for Covid-19: https://t.co/kL75ZrI2Sn,,
"""1465710885964431365""",The way this nigga just stabbed the vaccine into my arm no warning no nothing,,
"""1465710887256268808""",im getting my second vaccine later finally and im gonna go for a walk before that,,
"""1465710889508605965""","Back in my online classes for higher materials science &amp; engineering specialization courses, I posted a kodigo of Greek alphabet to help me recall variables ng long equations pag recit and exams.Nakakakalahati na tayo pero trial and error padin and covid plans and response. https://t.co/o2WkAn0FDy",,
"""1465710891324690451""",I watchedSouth Park: Post Covidthis morningIt's very good and puts a lot into perspective.,,
"""1465710890972434438""","Decades ago, Congressman Paul Tsongas outmaneuvered @BillPascrell to win money and recognition for for Lowell, Mass., America's second industrial city. The first - Paterson, NJ - has been scraping along ever since.https://t.co/nzny9dgZ5B @andresayegh @GovMurphy @northjersey",,
"""1465710890540355586""",Jerry Jones: Every Cowboy is either vaccinated or has had COVID-19. https://t.co/IgegsQAlUY,,
"""1465710891819679761""",The Final Lap: THE REAL CORONAVIRUS MESSAGE .... https://t.co/wtroqbJ8GV,,
"""1465710879756808201""","Driving without a seatbelt comparable to not taking the vaccine. Most of the time, you will be absolutely fine. But the one time you are in an accident, things might get very bad very quickly even when young, fit &amp; with no underlying health conditions.Guardian",,
"""1465710895581958152""","Wisconsin, with one of the lowest rates of dental care in the country, can expand options by allowing dental therapists to practicehttps://t.co/KHlTASzbKk",,
"""1465710895087054856""",Regeneron CEO says Covid antibody cocktail may be less effective against omicron variant - https://t.co/V8U1gjOFi9,,
"""1465710898622853124""",Disco Inferno Shares Insanely Controversial Take On COVID Pandemic (via @SportfusionApps #WWE #News)https://t.co/rG3ltlAb0K,,
"""1465710898945802252""",All day every day Covid Covid Covid give it a rest ! Its a Scamdemic,,
"""1465710901009338383""",Check out Boss.smg's video! #TikTok https://t.co/uiGSrDcnl7 #LISA #funny #GameFi #warzone #BalondeOro #Subscribe #YouTube #YouTubeShorts #Viral #Twitter #twitch #sniper #Trauma #tranding #Covid_19 #GOAT #Omicron #SaudiArabianGP,,
"""1465710899998560268""",@qatarairways your covid page says QTR will follow WHO guidance. WHO has never advised to stop international travel. And has rather condemned recent travel restrictions and flights cancellations.,,
"""1465710892755013632""","1st table is deaths 'involving' COVID for ages 0-17.2nd is adverse events following COVID jabs for ages 0-17.Both from CDC.Go ahead. Make your trade-off, especially knowing (a) VAERS undercounts and (b) not that many 0-17 have been jabbed yet. https://t.co/l4DDzBHvYB",,
"""1465710899809767428""","boris bongo bingo at 4pm. Army, NHS, Save, Christmas, Sorry,Nation, protect, Defences, Virus, masks, prevention, wash hands,im a utter wanker (bonus if he admits that), regret, All, media, people, great nation, scientific advisors, alert, mutation, Omicron, Delta, Variant vaccine",,
"""1465710887801528327""",The next country to find a new dangerous Covid strain will keep quiet about it &amp; move like they found nothing because of what is happening to Southern African countries.,,
"""1465710905476337673""","stltoday: With federal COVID sick leave gone, workers feel pressure to show up at work https://t.co/1RSaQZUCv9 by @raelnb with @KHNews https://t.co/b14WULVVpK",,
"""1465710903806943237""","The UAE tops Bloomberg's Covid Resilience Ranking, as winter ignites a new wave of cases in Europe See where your country ranks: https://t.co/NxmdT83twZ https://t.co/AGM2Vymyy4",,
"""1465710908039065603""", Parma Protest Against Tyrannical Vaccine Passports and Mandatory mRNA inoculationsProtesters Are Carrying Pictures Of Victims of the very same MandatesSo very Sad #NoVaccinePassportsAnywhere #NoMedicalApartheid #NoVaccinePassports #NoMandates #Unity https://t.co/AMI25FFwql,,
"""1465710912396955651""","How does the Buddhist view on compassion help us think about COVID vaccine controversies? How do we stay loving and connected to people we disagree with, how do we avoid 'compassion fatigue,' and how do we (not) convince somebody to see things our way. https://t.co/kpAqR2t6So",,
"""1465710917459480590"""," If COVID-19 has taught us something, its that we need our societies to become even stronger, flexible, and more resilient to serve the people that compose them @Enlit_Europe #iamenlit  https://t.co/syVPeAvfK5",,
"""1465710912975740946""",I think these are the first known cases of Omicron infected with triple vaccination.https://t.co/euAKpyTKU7,,
"""1465710915936874499""",Busy news day in Germany today: Lockdown measures ruled legal and proportionate by Constitutional Court IS terrorist convicted of genocide and sentenced to life in prison Incoming Chancellor Scholz supports mandatory covid vaccinations,,
"""1465710918910636047""","In addition to larger centres, there is a network of #communitypharmacies across Northern Ireland offering vaccinations locally https://t.co/0ofgb4YguN  @publichealthni https://t.co/bN8ttNDeHR",,
"""1465710906449424393""","We here at NOT the #Harrisonville #Police exist to skewer the local police department, along with other rural police departments that operate like fiefdoms, outside of all accountability, harassing citizens for political reasons and badgering them for supporting vaccination.",,
"""1465710915257442316""",I'm over here Covid!! Come an get me !!! https://t.co/T2cCtLw91N,,
"""1465710920261275652""",Covid-19: Malawi requires travellers to present a Covid-19 digital vaccination certificate at Points of Entry! https://t.co/RtFXgz4pEY #tourism #Malawi #Covid19,,
"""1465710922027077632""",spending tha night @ th bathroom  i feel like im gonna puke but nothings coming out .. this vaccine is kickinf my ass !  https://t.co/bxMP0odCro,,
"""1465710919602765826""",One thing I loved covid for was ubereats finally added contactless delivery. Now I can just wait for the app to say get it at your door and I don't even have to say hello to a human being. It's like a serotonin dispenser. You press a button(s) and you get a surprise at your door.,,
"""1465710923650265100""","We cant live in fear of Covid forever. We cant keep bringing in restrictions every time theres a new variant. This has gone on for too long. Its time to stand up to the fearmongering and demand a return to normality and liberty, says Brendan ONeillhttps://t.co/vdTCiLavLb",,
"""1465710924321353740""",who the hell is picking party over country even after their party has killed hundreds of thousands of us unnecessarily with covid lies and disinformation?,,
"""1465710925147631628""",Join @fredhutch today for Science Says with @Trevornoah @trvrb  @IssakaMD and Phil Greenberg. #cancer and #COVID research updates Register now! Listen in 2pm PSTScience Says  https://t.co/yEIddwVDJd,,
"""1465710926351405069""","@MarkTreitel You raise a straw man argument and seek to incite.Lara Logan did not compare Covid restrictions to the Holocaust.I understood her to accuse Fauci of violating medical ethics and implicitly, the Nuremberg laws for his egregious conduct which is well documented in the RFKJr book.",,
"""1465710929241247754""",@ScottAdamsSays @schunell @ScottAdamsSays when are you going to retract? Are you more of an expert than an inventor of the mRNA vaccine platform itself? https://t.co/ut7vrL1GtR,,
"""1465710929476083712""",CEO of drugmaker Moderna warned https://t.co/nUqgynnF5H,,
"""1465710930939957255""",OffGuardian is so evasive and shady. just look at how half assed this covid conspiracy nonsense is. they seem to claim without evidence that scientists are being bribed to make up 'omicron' or whatever genome read outs in multiple countries. https://t.co/YNg9RBLHYU,,
"""1465710931204186112""","Boom, 2nd jab done! Now to get a vaccine for the babies under 5 https://t.co/oic1qajhzK",,
"""1465710933246820367""","Singapore reports 1,239 new COVID-19 cases and 8 deaths; ICU utilisation rate rises to 58.5%  https://t.co/6jRIX5153V",,
"""1465710933196488720""",.@LASDHQ @LACoSheriff wont use countys coronavirus testing provider over alleged ties to China  Thank you Sheriff.  Never back down....always DOUBLE DOWN!https://t.co/BHSesV0ShP,,
"""1465710932068159495""",@bullDOELZEr Dude idk what is it but my arm is in so much pain. I didnt have that before but this time like immediately after I got my shot my arm became dead and hasnt come back to life. I keep telling myself its better than Covid its better than Covid ,,
"""1465710933137760266""","I'm doing a module in which all the coursework is based on COVID (the current part is on viral egress) and the uni scheduled a talk on Omicron, so hopefully, I will have a better understanding of where things stand with that.",,
"""1465710935981449228""",There's no safety in returning to COVID-19 lockdowns https://t.co/IOopOwpQ6e via @nypost. This guy is a snake,,
"""1465710936476377091""",#DailyThoughts  #HighRiskCOVID19 #Coronavirus#Free online #math #tutoring at https://t.co/pLnSNggHXU,,
"""1465710938078597124""","VOICE OF THE PEOPLE | Readers sound off on Stephen Sondheim, local journalism and vaccine passports @NYDNOpinions https://t.co/xnbYBAW0r2",,
"""1465710944336564232""",HoW dId ThE nEw VaRiAnT gEt In To AuStRaLiA iF yOu CaNt cOmE iN wItHoUt ThE jAb well Mickinleigh no one said the jab was 100% effective LIKE EVERY OTHER FUCKING VACCINE IN THE DAMN WORLD.,,
"""1465710942713364496""",Covid-19 https://t.co/zAvL4Tcr9p,,
"""1465710943317336070""",Breaking: Federal Court Blocks Bidens Vaccine Mandate For Healthcare Workers - https://t.co/u8R86WO97D,,
"""1465710943627739137""","I ACTUALLY GOT THAT FUCKING VACCINE, THEY ALREADY WANT ME DEAD, why am I still eating and consuming their food, ITS NOT EVEN MINE, YOUR NOT SUPPOSED TO EAT Or TAKE ANYTHING THAT HARMS YOUR BODY, THIS WHY IN THIS REALITY THE BLACK RACE IS GETTING DESTROYED BY THESE REPTILIANS",,
"""1465710945301270536""","US Stock Futures, Oil Sink After Moderna CEO Says Existing Vaccines Less Effective Against Omicron https://t.co/QupCTitdWi Download our app to read more at https://t.co/uuZVvPwYAs",,
"""1465710947389956111""",#Regeneron CEO says Covid antibody cocktail may be less effective against #omicron variant https://t.co/UGsfbKv3KR,,
"""1465710945469022210""","COVID-19 Update: Unvaccinated travellers barred from planes, trains | Moderna CEO warns vaccine less effective against Omicron https://t.co/O28NiOkREu via @calgaryherald . of course it is ... the drug pushers at Moderna have a new vaccine they will push for MASSIVE profit.",,
"""1465710947125784583""","'I Really Thought I Wasn't Going to Make It': Joel Embiid Reflects on Scary COVID-19 Battle https://t.co/GZiW2u0BQ2 After missing nine games due to contracting COVID-19, NBA superstar Joel Embiid finally made his return to the court this weekend. And  https://t.co/k4y9XgRuzJ",,
"""1465710950191751169""",It's already too late to apply 'guidance' from the CDC or #Pfizer that is often requested  with reports to #VAERS.  (Not that any useful guidance would be forthcoming anyway.)  Repeat: #Covidvaccine is 'safe and effective' despite the body's existing evidence to the contrary!,,
"""1465710948543434752""","'When COVID hit, lawmakers worried people might avoid testing for fear of the cost. So they passed bills that required insurers to pay for COVID tests without copays or cost sharing for the patient.'Predictable outcome: $56,000 ER bill for 2 covid tests.https://t.co/3XfGCBlHs2",,
"""1465710951085199373""","8 TV Shows Were Sad Ended in 2021 https://t.co/Df1dqvFwno Every year we lose shows. Its a fact of television. However, 2021 featured some long-running, popular series taking their final bows. The Covid-19 pandemic also led some shows to end producti https://t.co/rmw3qdhM5X",,
"""1465710956319686657""",Im like 95 percent sure covid has messed with my breathing. I just be sitting down and have a hard time breathing,,
"""1465710954906222596""",Capital showdown? https://t.co/wZE7gQHH3U,,
"""1465710960899809283""",Dear Covid gimme back my fucken taste n smell u horrible little slag.,,
"""1465710964729430016""","16 #Technology winners and losers, post-COVID. (CIO) #IT  https://t.co/hTEMNilWNh https://t.co/zML55EPAEi",,
"""1465710964901351424""",Please remember that the NHS COVID pass is FREE!If you receive a message saying you have to pay for one please forward any texts to 7726 and emails to report@phishing.gov.ukhttps://t.co/0xVtBoKaNg https://t.co/lbxtwdKmyj,,
"""1465710964867670030""",Our review of the last night of the #WhatTheFutureHolds tour this weekend by #Steps following the Covid cancellations of the last 2 shows here: https://t.co/MBA7tZq8iS @OfficialSteps,,
"""1465710952800657411""",@Robo_Undergound @RobAnde91105661 Me an my fam given up fuk the masks the vaccine...if it's our time we'll chk out...we got tired of living locked up.,,
"""1465710965958189071""",Back on the Covid blog for the PM's press conf at 4pm - follow live here: https://t.co/DcxHjetP8A @TelGlobalHealth,,
"""1465710964662222848""",Global stock markets fell and there was a scramble to safer currencies and bonds after the CEO of drugmaker Moderna warned that COVID-19 vaccines are unlikely to be as effective against the new Omicron variant. More here: https://t.co/yWg087OEIl https://t.co/atQb3RTD1E,,
"""1465710964716621835""",This covid  is planned on schedule $AMC,,
"""1465710964842528776""","The children's nasal spray flu vaccine is offered every year to school children to help protect them against flu.Flu is highly infectious an be a very unpleasant illness for children. It can also lead to serious problems, such as bronchitis and pneumonia.https://t.co/wE9MwBp5pq https://t.co/Kyq1owtOKJ",,
"""1465710967606562817""",Is there a safe/secure app for vaccine cards?? Im going to NYC soon &amp; Id like to use a safe/secure app as opposed to carrying around my card!!,,
"""1465710969309446147""",Boris Johnson is expected to announce more details on the booster vaccine programme being rolled out to all adultshttps://t.co/YBgHJXRodW,,
"""1465710970886451201""",No antivax but why would I trust Pfizer or Moderna making positive statements about their own vaccine lol,,
"""1465710969552662535""",#NJ covid hospitalizations up &gt;42% vs two weeks ago,,
"""1465710971268186130""",The #SupremeCourt has turned away an emergency appeal from employees at the largest #hospital system in Massachusetts who object to the #COVID-19 vaccine https://t.co/fkfvoJZhq4,,
"""1465710971163267080""","'Anywhere where youre not allowed to smoke is where we should be using masks, FFP2 masks offered better protection' Sage adviser says https://t.co/Bsc8Caavap",,
"""1465710973486985228""","@real_b4_ @sam17266749 I died from covid, not my other 5 comorbidities and the fact that I had terminal cancer",,
"""1465710973038186508""",Im so done with COVID  The markets are ,,
"""1465710976271929344""",What We're Reading: #Boosters for All Adults; Vaccine Mandates Suspended; Previewing Landmark Abortion Case: https://t.co/YAyCWE5dEN https://t.co/SFvaL1Pdx6,,
"""1465710976217477137""",The way its going there more variants of covid than weed soon ,,
"""1465710980181020672""","Michigan reached a new record of adults hospitalized with COVID-19 on Monday with 4,181 hospitalized with confirmed cases of the virus, the most since the pandemic began.... https://t.co/5toG4rEZIC",,
"""1465710964934807558""","Nine further Covid cases have been confirmed in the Munster rugby squad in South Africa, which could delay the teams return homehttps://t.co/8CcLr7LAUn",,
"""1465710977903575045""",A federal judge just put the Biden coronavirus vaccine mandate for health professionals on hold. This makes the second major decision to block the mandate. It is still going to the Supreme Court. https://t.co/pj9Tdql7b0 https://t.co/xf3C6tdNjI,,
"""1465710978931191812""","COVID-19 and our Youth: Risk of Death, Vaccinations, Myocarditis, Schools, Masking, Sports + More with Dr. Tracy Hoeg. COVID and children, risk of hospitalization, symptoms, vaccinations, spread within schools, masking the youth, and much more! Find it at: https://t.co/B00MzROX6W https://t.co/iwYDsyMhS8",,
"""1465710982685069320""",Moderna CEO says vaccines likely less effective against omicron https://t.co/R9ABEWf3OG,,
"""1465710985331675142""","Governor @martynroper joins me live tomorrow on The Resh Hour at 6pm on @caycompass FB page as we discuss Cayman's reopening &amp; its progress, next steps, the new COVID-19 variant Omicron and lots more... You can tweet questions here or send to rragoonath@compassmedia.ky https://t.co/SE4a9tf1pG",,
"""1465710987760205829""","Anyone else not enjoying Twtr anymore?  I have less engagement now at 300 followers than I did at 30, priorto Jan 6th. Most of the accounts I want to follow (aside from my friends ) were kicked off and the only things I am seeing are covid/vaxx related.  Advice? Bueller?",,
"""1465710987617525767""","During the pandemic, his office created information pages about covid. These pages have all the information people need. These pages are still available to combat misinformation and are updated. #GaylordPR",,
"""1465710989152686092""",'EXACTLY WHAT EXPERTS HAVE BEEN WARNING': OMICRON LINKED TO GLOBAL VACCINE INEQUALITYNBC News,,
"""1465710987953131525""",Omicron COVID variant was in Europe before South African scientists detected and flagged it to the worldhttps://t.co/lM6Dwe4Wm5,,
"""1465710988926193672""","AstraZeneca has opened a new 1bn (US$1.3bn) R&amp;D facility in Cambridge, UK.https://t.co/lPJ8H1yFKt https://t.co/nWg4aWS2IR",,
"""1465710987999277060""","Feature, not bug. https://t.co/3Eq5CZzCdf",,
"""1465710979598012422""",Just imagine how many more people would buy tickets if COVID didn't happen... #SpiderManNoWayHome https://t.co/EahuaEHhEv,,
"""1465710995016327184""",The day after i get my second vaccine the announce this new variant.cant get even get da booster till April,,
"""1465710996714971140""",Coronavirus remains top issue among voters but drops 17 percentage points https://t.co/eRFUdnlEdV https://t.co/HhaNmCIPZr,,
"""1465710995683176455""",Moderna boss says vaccines likely no match for Omicron: FT https://t.co/jwVMmoG7Ie,,
"""1465711001832026112""","Mme StP home from a friend's funeral.Our friend had a Covid jab, whilst Covid positive, and she recovered well up to Easter.She spent the summer with family, in the country, but started to deteriorate rapidly in the Autumn.A sad loss after a short brave battle with Covid.",,
"""1465711004302516226""",New post: 47 studies confirm ineffectiveness of masks for COVID and 32 more confirm their negative health effects https://t.co/ABxfDr2Iq1,,
"""1465710984824164361""",There are #COVID19 vaccine clinics throughout the Las Vegas Valley. Find one thats convenient for you: https://t.co/Rpmo87ihNv https://t.co/Q1gFrocevu,,
"""1465711000762548240""",The UK would struggle to find a worse government to deal with Covid and the economy. Some of them are actually batshit crazy. https://t.co/jydRq9Srh3,,
"""1465711005489500172""",Preliminary tests of monoclonal antibody drugs against omicron took less than a weekRegeneron: 'loses effectiveness'Lilly: 'also isnt as effective'Vir/GSK: 'dont appear in preliminary testing to be affected'Adagio: 'also appears to be unaffected'https://t.co/eFWk4OxFZQ,,
"""1465711004357054466""",She will be missed. https://t.co/LhDU6gBVnS,,
"""1465711002217967630""",15 days to flatten the curve https://t.co/E5M0RaUvq8,,
"""1465711002461167616""","Update on COVID-19 situation (30 Nov 2021):MOH has completed a periodic update of our population numbers and adjusted our vaccinated coverage. As of 29 Nov, 96% of our eligible population has completed full regimen/received 2 doses of COVID-19 vaccines.https://t.co/n5tNCsSWBF https://t.co/1BxHZa0W0L",,
"""1465710989500768264""",".     #Seditious .     , https://t.co/HQOBGQDBuk @GarciaVegaMan",,
"""1465710997927129097""","Get this.The U.S. is 59% fully vaccinated. Yet cases are down. Portugal is 87% fully vaccinated and new restrictions start tomorrow.Sweden is 68% fully vaccinated. Never locked down, or closed schools or masked. Today no restrictions. Covid is downgraded to an endemic https://t.co/TRmGtC2xJk",,
"""1465710990058610697""","Tomorrow, December 1st, is #WorldAIDSDay. Stay tuned to learn  about the innovations of our global partners who continue to support those living with HIV during the COVID-19 pandemic. #WAD2021 https://t.co/hqhN91gxd1 https://t.co/hd7Zx1NmnN",,
"""1465711012988940297""",The Dallas COVID Cowboys Are Starting To Slip And Its NotPretty https://t.co/WCaaRHfGVQ,,
"""1465711015786545160""",Victories against AIDS have lessons for COVID-19 https://t.co/wwm6FcoYpv,,
"""1465711017132843018""",We filmed today at a vaccination centre in Lambeth where they often do 1500 jabs a day and are gearing up for the booster roll-out - the doctor in charge also told me the place was vandalised when an anti-vax protest came past - unbelievable,,
"""1465711016105308168""","People with a history of #MentalHealth issues are at higher risk of contracting and experiencing major issues with #COVID. Multiple studies have made this claim, but what's behind the data? Isolation, personal hygiene &amp; chronic illness all play a part.https://t.co/8rubFAkvmp https://t.co/gjcOFlG1UW",,
"""1465711024275746818""",On 1 February 2021 the Complainant was alerted to the fact that he may have been exposed to Covid-19 at work and was instructed to stay at home and take a PCR test...Read the full article here https://t.co/NtD1nH7Ajb#employmentmatters #employmentlaw #covid19 #AOCsolicitors https://t.co/lugEkwL9aq,,
"""1465711024049324038""",Perfect.https://t.co/6BpIo6ONtM,,
"""1465711023944462353""","Africa:----China Pledges One Billion Additional COVID-19 Vaccines for Nigeria, Other African Countries| Source: This Day----Tags: #geopolitics #geoeconomics #Africa #China #Nigeria #Covid #AfricanCountries #vaccineDiplomacy https://t.co/M7suOqcPYE",,
"""1465711025752133648""",Usathi ukhupha imali kwi ATM ithi enter your vaccination number ,,
"""1465711005783130123""","@Harvard2H Nice find.Got to love CYA conclusion . . . totally ignoring Salk Institute findings./sarc/The spikes of COVID-19 damage vasculature; so, the only thing to do is pump people full of Borg-like nanotech that will force the body to make even more vasculature-damaging spikes.",,
"""1465711026750439435""","Getting my booster shot Friday. Nothing will stop me from making out at a bar this winter. Not self-respect, not COVID. Nothing.",,
"""1465711032542785544""",Bayern Munich face playing behind closed doors again due to Germany Covid spike https://t.co/9bJfdMqHQK via @NewsNowUK,,
"""1465711033788502026""","Biden, Fauci can't say Omicron, prez wishes the press 'Merry Christmas' a month early https://t.co/tk249p5ijY via @nypost",,
"""1465711038968463363""","HAPPY #GivingTuesday! I am proud to be part of @MarthasTableOrg. With unwavering support from neighbors like you, MT was voted Best Covid-19 Support Service in D.C. Today, we are raising critical funds to continue to bring out the BEST in D.C. https://t.co/1SC5w2NtjG",,
"""1465711036971896838""","Dumb-USA, the land of the free and dumb. Federal judge blocks Biden vaccine mandate for health care workers in 10 states https://t.co/iGACrlUA0J via @usatoday",,
"""1465711036468633610""","Get #VacciNation The Omicron variant could lead to more infections among vaccinated people but they will most likely remain protected from a severe course of illness, according to the BioNTech co-founder https://t.co/zMNzszFhZs",,
"""1465711034891599874""",The COVID-19 lockdown caused both consumers and broadband service providers alike to recognize that greater dependency on home Wi-Fi is now a fact of life.  @AirTies' Juliet Bonnard. Read more on The Beacon: https://t.co/5HeQzwF05W https://t.co/OPwazXjt7v,,
"""1465711041740820488""","Despite being a private institution, @RiceUniversity accepts federal contracts and believes they must meet the Jan. 4 deadline of having all employees  including hourly student workers  vaccinated for #COVID: https://t.co/MgzrIQHR75",,
"""1465711033700388869""",theres another variant of covid??? enough is enough ,,
"""1465711052356677649""",Texas man who got over $1M in COVID funds and bought Lamborghini gets long prison sentencehttps://t.co/B6Diaia03l,,
"""1465711052071469061""",How can anyone make an informed decision given this type of pressure? https://t.co/SDXCwF97HL,,
"""1465711042801987585""","Omicron Covid variant: 3 new cases bring UK total of 14, another 10 likely https://t.co/yRZw6UrZZX",,
"""1465711046610415622""",You can get an update on the COVID-19 vaccination programme across @SNEE_ICS area with #NHS chief nurse @lisajnobes on tonight's @BBCLookEast and circa 7 a.m. tomorrow on @BBCSuffolk @MarkGlennMurphy @WestSuffolk @West_Suffolk @WestSuffolkNHS https://t.co/VzRTOOuZNd,,
"""1465711053065494550""","Have you gotten your free #COVIDvaccine or booster? It's easy! Find out where to go, who's eligible, and how you can help stop the spread at https://t.co/HXevZeImIZ. Full precautions remain in effect at all #ULE stores to keep our customers and staff  https://t.co/bOoqFFuNbs",,
"""1465711063295426562""","So now my friend on the left asks the question, why anyone would be upset about more people getting the vaccine that would save their life? But that isnt really the issue, at least not for me. I have been vaccinated and support vaccines.1/3",,
"""1465711060065816582""",New cases of the Omicron coronavirus variant are uncovered across the globe &amp; threaten to spread. US officials are reacting by urging vaccinations &amp; boosters instead of imposing NECESSARY restrictions which have increasingly provoked political fights https://t.co/vR7gIBKcFN,,
"""1465711072006995971""",got tested negative for covid  https://t.co/NJLfN7xx5T,,
"""1465711073839902737""",Covid Revealed - Trailer https://t.co/p8I3vYpCxS,,
